{"cameraMode":{"drawMode":0,"name":"Shaded","section":"Shading Mode"},"sceneLighting":false,"audioPlay":false,"sceneViewState":{"showFog":false,"showMaterialUpdate":false,"showSkybox":false,"showFlares":false,"showImageEffects":false,"showParticleSystems":true},"in2DMode":false,"pivot":{"x":0.0,"y":-1.3924001455307007,"z":-1.1920928955078126e-7},"rotation":{"x":-0.017708588391542436,"y":0.004496140405535698,"z":-0.00007957406342029572,"w":-0.9998353719711304},"size":10.647859573364258,"orthographic":false}