{"cameraMode":{"drawMode":0,"name":"Shaded","section":"Shading Mode"},"sceneLighting":false,"audioPlay":false,"sceneViewState":{"showFog":false,"showMaterialUpdate":false,"showSkybox":false,"showFlares":false,"showImageEffects":false,"showParticleSystems":true},"in2DMode":false,"pivot":{"x":-8.180000305175782,"y":0.5099999904632568,"z":0.0},"rotation":{"x":-0.017708588391542436,"y":0.004496140405535698,"z":-0.00007957406342029572,"w":-0.9998353719711304},"size":4.572614669799805,"orthographic":false}