{"cameraMode":{"drawMode":0,"name":"Shaded","section":"Shading Mode"},"sceneLighting":false,"audioPlay":false,"sceneViewState":{"showFog":false,"showMaterialUpdate":false,"showSkybox":false,"showFlares":false,"showImageEffects":false,"showParticleSystems":true},"in2DMode":false,"pivot":{"x":7.110000133514404,"y":0.13999998569488526,"z":-1.75},"rotation":{"x":-0.18152807652950288,"y":0.22979667782783509,"z":-0.04367280378937721,"w":-0.9551622271537781},"size":5.282577991485596,"orthographic":false}