{"cameraMode":{"drawMode":0,"name":"Shaded","section":"Shading Mode"},"sceneLighting":false,"audioPlay":false,"sceneViewState":{"showFog":false,"showMaterialUpdate":false,"showSkybox":false,"showFlares":false,"showImageEffects":false,"showParticleSystems":true},"in2DMode":false,"pivot":{"x":4.579768657684326,"y":-0.40756627917289736,"z":1.4358315467834473},"rotation":{"x":-0.09960120171308518,"y":-0.34050223231315615,"z":0.03630134463310242,"w":-0.9342505931854248},"size":5.751119613647461,"orthographic":false}