{"cameraMode":{"drawMode":0,"name":"Shaded","section":"Shading Mode"},"sceneLighting":true,"audioPlay":false,"sceneViewState":{"showFog":false,"showMaterialUpdate":false,"showSkybox":false,"showFlares":false,"showImageEffects":false,"showParticleSystems":true},"in2DMode":false,"pivot":{"x":29.370986938476564,"y":0.994144856929779,"z":-1.7747430801391602},"rotation":{"x":0.02249610796570778,"y":0.013496214523911477,"z":-0.0003037141577806324,"w":0.9996549487113953},"size":17.927993774414064,"orthographic":true}